,treatment_user,control_user,subreddit
0,------redacted-----,Cruise,real_oprah_winfrey
1,---ember---,borrow,beenofficial
2,--JenAndTonic--,bettafish,PravaSagitta
3,-Acerin,treeofsavior,Praesul
4,-DangerKitty,bonecollecting,sarahtohnan
5,-Deadzone-,nfl,yolofury
6,-Echo_,YangForPresidentHQ,alli_kawsay
7,-Johnny-,funny,LockeAndKeyes
8,-KingAdrock-,AmItheAsshole,JudiciouslyInept
9,-Master-Builder-,AdviceAnimals,avenlanzer
10,-Nubi,residentevil,Herr_Liddell
11,-Raining_Sunshine-,HomeworkHelp,gleffk
12,-ScoobieOnADoobie,unclebens,jstunner94
13,-SimplyExplained-,KentStateUniversity,stanloonapink
14,-SnoopDoge-,Bestbuy,BloodForPizza
15,-SoulCatcher,houseplants,matttcali
16,-Strawdog-,Hunting,chop1125
17,-TaTa,4chan,OhHelloThere_
18,-ThisWasATriumph,DavidBowie,faulks
19,-Tripp-,lifx,TheRealExtrusion
20,-ViciousCirce,brakebills,westsac
21,-WhoSentYou-,excel,SomberIncaMango
22,-_-Random-_-Username,bikewrench,GenericErik_
23,-_ThrowUpAndAway_-,Census,hovva91
24,-hazeydays,Debt,myboyblue92
25,-idontneedthis-,Aquariums,Kingshananagans
26,-lastochka-,elderscrollsonline,ryanstewart
27,-lnette,bartenders,dustpan141
28,-ogre-,AskReddit,Magoran
29,-old-tree,tech,pratik21jsr
30,-sappy-,stimuluscheck,Ryderbro23
31,-upbeat,Jazz,sirbrox
32,-zounds-,unpopularopinion,JimFromSales
33,00000000005,TwoXChromosomes,severn
34,000REDACTED000,AskReddit,Loundoll
35,000kapi,Columbus,c615586
36,001jeff,wyzecam,DarkWinterNights
37,002dollar,Showerthoughts,chanman6820
38,00darkfox00,GiftofGames,ejb1387
39,0100114,Robocraft,ssinatra
40,01procrastinator,jobs,ArminBro
41,030303Av,paypal,moyai_master
42,0311Disgruntled,UnemploymentCA,Psychological_Cell23
43,03Boni3AndClyed,Sheismichaela,slurpdaddy699
44,076er,Monero,EnvironmentalSpeech3
45,09370z,AskVet,GeeGeeGeek
46,09ballkid,CashApp,AyyeWhoNedt
47,0LitteGreen0,realms,anaximx
48,0SVDDXNLY0,iphone,tomastomastomas
49,0ctopusxoxo,birthcontrol,ginlacepearls
50,0kaykay,aww,bushiest___beaver
51,0kushner0,corgi,singlaughlove92
52,0lossSince2009,AskReddit,Flame1213
53,0mnip073n7,Smite,Gambol-Shroud
54,0sleezy,wallstreetbets,FrstdFlksAreGuhReat
55,0ssu,Census,akcocaflornj
56,0utCIassed,bladeandsoul,xxvend3ttaxx
57,0wngh0st,legaladvice,hidemyidentitypls
58,0xfordia,doodles,mNmRandom
59,0xycod0ne,tipofmyjoystick,Pyram66
60,0yungdaddy0,AskReddit,Plastic-Assistance24
61,1000regret,DuelLinks,IntuitionaL
62,1000yardstarexvx,UberEATS,UkuleleGod
63,1001010101010011111,depression,KiteHill
64,1015Saturday_Night,OpiatesRecovery,th3used
65,101damian27,FallGuysGame,KevinNyro
66,101kbye,lexapro,thatdevonchick317
67,10kShylin,appleswap,Katasuki
68,10pAlex,GalaxyS9,NiccloMachiavelli
69,10peaches,Lenovo,amdhartono
70,111222333444gr,dropship,diogomoura99
71,111stupid,apexlegends,BalistaYT
72,11GoHardOrGoHome11,NoStupidQuestions,FleetingUser
73,11jwolfe2,EtherMining,2miners
74,11olivl,Hair,advancedhairstudio
75,123456Hhq,BubbleHash,APBrando
76,123abcwhatever,techsupport,-ccmc-
77,123adru,TexasUnemployment,Pompa956
78,12_01,suboxone,SoulLip
79,12abirato,tax,bmoreexplorer
80,134baby,Anxietyhelp,Birds-arent-real-dad
81,138Tulip,politics,crikey-
82,13enayoun,ben,benjosephr
83,13sonic,exmuslim,TheGhostOfCamus
84,13th_Tribe_Of_Kobol,hiphopheads,ReverendMonkey
85,14936786-02,nova,Brake_L8
86,14Art3mis14,BeardedDragons,cezsmit600
87,14thCluelessbird,skyrimmods,thefloweyfanclub
88,172628,grindr,TearstheTiger
89,17Lifter,furniture,tbonefernandez
90,17greeksoty,BlueJackets,johnny5_is_alive
91,1800americaonline,legaladvice,charlotte9493
92,1800mami,TooAfraidToAsk,electrik_shock
93,1831942,PS4Planetside2,slinky317
94,1875dime,baseball,ImaFixMavs
95,1977531,ukulele,Bariukeguy
96,1982pitita,paris,Alix-Sun
97,1987EastBay,heroin,GammaRae53
98,1999kay,massachusetts,Billerica2020
99,19eventy7,BobsBurgers,nandita1409
100,1Bellamomma,Atlanta,ATLCountryMouse
101,1HUNNIT_,jailbreak,rbild89
102,1InterWebs1,AutoHotkey,joetazz
103,1Mongoose1,paragon,ct123192
104,1OneQuickQuestion,lfg,Peterh_
105,1Tekgnome,homeassistant,mkonowaluk
106,1_2throwitallaway,Herpes,oliviaskylar
107,1chunkabunk,runescape,InsertGoodPostHere
108,1dEkid,FIFA,gxldenhalos
109,1denirok5,Multicopter,MKStryker
110,1eila1,brockhampton,chrisxpoet
111,1kingmo,leagueoflegends,SYang13
112,1kmmr,me_irl,socool4444
113,1man_factory,AskReddit,Silversalt
114,1myco,Michigan,SnooDucks942
115,1pieceshortofapuzzle,bipolar,majicalmuffin
116,1qzt,Roku,thegoffather2
117,1rudden,Edd,the_AngryViking
118,1saltedsnail,PetAdvice,RockwoodZapper
119,1upitaa,Edd,FaithinGOD314
120,1x1x1,Watchexchange,crunchyfrog_yyz
121,1xlove,CPA,unique74739282614273
122,2020isajoke,Military,Archer1776
123,205gulla,Music,LVLBIGA
124,207plug,AskDrugNerds,Thera05
125,209xoxo,SkincareAddiction,LocalSponsor
126,20Socks,SSBM,burnedjam740
127,20milliondaggers,newjersey,starrdev5
128,20somethingyearold_,relationship_advice,Worldonfire24
129,215Fletch,glee,eralclmao
130,21crypto,weedstocks,suicidalveryclose
131,220011098,FL_Studio,yahman21
132,22jbs,Bedbugs,Princess-Kitty10
133,23Shredder,RocketLeague,Doc_Narwhal52
134,248ninja,lawschooladmissions,CFthrowaway661
135,24KPureHot,Coronavirus,Laurie712
136,24rubikscube,NASCAR,Franks2000inchTV
137,2525ifmanstillalive,Vaporwave,PandaPlaneMusic
138,26butterflies,obgyn,kbooob
139,26wm64,blurrypicturesofcats,MelisseAC
140,2716CA,AskRetail,prissysissydoll
141,281-865,Tennessee,Feisty-Onion
142,299jace,BanVideoGames,AighTLetsGoHome
143,2ArmsWide,AskReddit,superdvader
144,2Verdolaga9,malefashionadvice,DeedzMcGraw
145,2bdarkness,SuggestALaptop,dahid
146,2clamsperham,GameStop,DrSasquatchPhD
147,2cupsstuffedd,NoStupidQuestions,Andrewlel90
148,2dabs,videos,Fiona1990
149,2drunk2cum,MaddenMobileForums,trentrezn0r
150,2for256,BigBrother,666mikeal
151,2hot2bexhausted,whatisthisthing,margot85
152,2jrey,mechanics,spartobik
153,2manyPICKs,guitarporn,brendan1245
154,2n_Jenn,keto,LordTekno
155,2ndzero,AskReddit,McCash34
156,2planks,funny,Ramle
157,2thousandeggs,Mirrorsforsale,SuperZombiePrincess
158,2xTripMama,PhotoshopRequest,simpleman421
159,2xblessedmama,FederalEmployees,FedEmployee_ALT
160,301matt,PSNFriends,sKiTtLeS_GiRl
161,304943039499493,sysadmin,Amazing_Falcon
162,30BurnerGSW,gaming,gameyay
163,311love,LilPeep,janatic
164,311throwaway311,trees,MyStonerProfile
165,313toPDX,motorcitykitties,reservoirsmog
166,314JCSTL,OpiatesRecovery,imawesome666
167,32blatt,Meditation,Raventalker
168,34boyboy,GamingLaptops,Dren210
169,38AndAging,Eve,NickUK
170,3976,army,Sir_RawDog
171,3Dartwork,rpg,BevansDesign
172,3Gotti,IllegalLifeProTips,recoc_gr
173,3Tyler11,cringepics,I_CANT_FIND_MY_CAT
174,3lijahlee,videos,Quasar_95
175,3meopcpnumberfourfan,politics,llamasonic
176,3nJo1_,PokemongoSanDiego,hoekoolawknee
177,3rickEsca,sandiego,EvenKeel76
178,3soteric4genda,SandersForPresident,noodlepigeon
179,3spoiledpets,reactivedogs,cbowe34
180,3than21,LSD,Watthe2
181,4-HO-MIE,androidapps,meliodes00
182,40YearOldMagician,pics,ernestothamolesto
183,40box,kratom,OrganicSoda
184,40oz_steelie,tea,Morczubel
185,40yearsfaithful,surfing,saltedtunafish
186,420BongSerpent,benzodiazepines,JDeeg
187,420Smoke650,fakecartridges,Agreeable-Win-4619
188,420catloveredm,AskReddit,-4-a-
189,420nkm,CannabisExtracts,benjammin420days
190,42Potatoes,theydidthemath,Engineerer_
191,4321readysetgo,Jewish,sajonstage
192,43area0811,personalfinance,h1ker
193,43th3rdr4g0n,dndmemes,Lord_Scorch62
194,4517FAD,writing,iSuckAtWriting9
195,46daze,Drumming,thinkwriter
196,47PHA,xbox,jackson23916
197,47goatham,RogueCompany,BoogieTheFool
198,48halos,PEDs,Sal89s
199,49_1,jerseyshore,letsgometros
200,4DTwoo,basslessons,BassmanBacon
201,4EverNOOBie,LosAngeles,Throw_37
202,4L4SK4N,AdviceAnimals,aFatalStabbing
203,4RunnerLover,AskDocs,taykid2810
204,4almonds,ucla,ambitiouspuffin
205,4and20greenbuds,Bladesmith,BarryHalls
206,4ginternet,ATT,mwstutz19
207,4ndr0med4,MLPLounge,Derples1
208,4pointdog,cscareerquestions,TheUltimadum416
209,4pokeguy,Rainbow6,Brethon
210,4raysmith,trippy,neonshrooms
211,4sgrenHort,coins,K1L1
212,4tabsandhello,trees,MAC_KREAMMY
213,4wayloco,Delaware,Quef
214,50fluffykittens,aww,sistaroach
215,513_steinway,shareyourmusic,papipanda_
216,537Kat,moviepass,joshaimm
217,54321blame,JUSTNOMIL,allpregnantandshit
218,551am,Equestrian,anchyd
219,56_throwaway,legaladvice,iamtheflaaaaash
220,5MinutesForThrashing,DestinyTheGame,SupergoonYT
221,5Odarkness,pics,wilmot99
222,5dayOnnnnlyVerify,massachusetts,jclyn95
223,5hongo,TokyoGhoul,LadyKubaryi
224,5privado,Gemstones,bonsaibros1
225,623skates,AnimalCollective,phosphor-feel
226,624o713tu,PandemicPreps,M668
227,63128615,Unemployed,creativekleptomaniac
228,657hers,doordash_drivers,courtjensen4ever
229,666haywoodst,PokemonSwordAndShield,OompaLoompa4404
230,666itsroughouthere99,latebloomerlesbians,beautifulbi_woman
231,666lonewolf,SquaredCircle,AlwaysBeBatman
232,69hailsatan,walkingwarrobots,unclepg
233,6KrombopulosMichael9,ValveIndex,budwheizzah
234,6Priscilla6,wallstreetbets,littlefoolish
235,6aturn,jobs,Egtofkd
236,6cloud9,Temple,babygirlablessin
237,6foot5fitness,homegym,Yahahaya
238,6jonathan1,GifSound,ThAO_DylGroos
239,6loud9,learnpython,Dwarf_King
240,6seanryan15,horror,13fingerfx
241,6silvermoons,thebachelor,tt99_
242,6strings32,personalfinance,Work_In_Progress095
243,702beast,FortNiteBR,24bradley
244,72ndBreezy,AirForceRecruits,nastyrainbos
245,76patrioto,Lottery,ed849
246,770pkp723,streetwearstartup,SlugCo
247,77606k,povertyfinance,HippityHoppity1234
248,77ca88,rant,HEAD_KGB_AGENT
249,7991mk,Parkinsons,michaelevansnet
250,7duck7,EIDL,chaosvinylbykj
251,7hr0away17,writing,AaestradaPHD
252,7qwerty,LifeProTips,Creanyx
253,7staff,eagles,Kingkern
254,808to614to,hiking,_catsandoreos
255,813701kim,gmu,P-76
256,8666dyouth,weed,ArcadianPurple
257,86mylife,OldSchoolCool,charleywarady
258,87298430572649288572,AssholeBehindThong,12nsfw21
259,888serotonin,keto,ketogirl98
260,88jris,DetroitPistons,Snore123
261,8ballN8,LegaciesCW,weridgirlwithaphone
262,8bitNaner,KamenRider,Gh0stlander
263,8bitUltron,driving,Interstellerx
264,8bitblonde,pcmasterrace,letstrythisagain_
265,8bitfruy,GameStop,mikeyrev
266,8bitnectar,oculus,Absolut1l
267,8elipse,Jokes,HardcoreFluff93
268,8ight88,airsoft,Rageophile78
269,8urner4cc,discordapp,WhyDoY0UCare
270,9036TK,Nootropics,peptides-research1
271,9198kerrakpo,soccer,thebhoyprime
272,919hornet,couriersofreddit,BoobGoldberg
273,92til---,iOSthemes,sarcasmsiempre
274,96CamaroZ28,relationship_advice,valdog29
275,96TillInfinitii,macgaming,fallingskycrust
276,973reggie,bjj,Macarrao09
277,977888,woodworking,darqphog
278,987654321BoardDragon,Unemployed,Alex32325
279,999happyhants,Disneyland,TomBad87
280,99DiseasesButUAint1,BravoRealHousewives,frontsnapkick2urface
281,9Ryan9,NewTubers,SpoylerBG
282,9jawarrior,MortalKombat,DrGunsMcBadass
283,9pmlmn,Sourdough,areot
284,9pounder,Guitar,adolphrickenbacker
285,9tendo,AskReddit,
286,A-Lo7,AskNYC,mesotropic
287,A1cannonz,stimuluscheck,LindenBaptiste
288,A1cp666,Vans,tommo11oy
289,A6M6L6,NinjaSexParty,macdaddyphizzle
290,AABurke92,stimuluscheck,asterias7
291,AAPLPi,Showerthoughts,MadMasker
292,AAlwood,motorcycles,youngbuck111
293,ABEARWITHAGUN,GODZILLA,zillah1985
294,ABTX7,SoCalR4R,slabeanator
