,author,most_unique_sr,datetime
0,ASmuttyOldMan,WhereInTheDisneyWorld,1593580245.125
1,Bear202020202,Virginia,1602475879.0
2,Discussion_Odd,exmormon,1602869354.0
3,Kingfufu07,photocritique,1560237089.0
4,Kuhncumber,GiftofGames,1592240389.0
5,Lacubanaaax0,Virginia,1603090144.0
6,Quiet-Understanding8,beaniebabies,1599408312.0
7,ResidentEmu5,90DayFiance,1583002051.0
8,Significant-Ad2027,foodstamps,1604356811.0
9,Still_Trying35,SurfFishing,1600592039.0
10,ThatGirlInOK,IRS,1589634573.857143
11,TheAjalin,Minecraft,1421474021.8395061
12,Truthspain,Michigan,1604860392.0
13,aeriemorgan101,CatAdvice,1591417092.5
14,anddontfuckitup,rupaulsdragrace,1592989102.6666667
15,anxiouspeony,OnlyFans101,1593826398.6666667
16,ckshrlfhso,legaladvice,1599283079.5
17,cuenca911,DuelLinks,1520900217.2727273
18,dreed_knight,UCDavis,1597060410.6
19,fckrditndmods,Miami,1599764814.5
20,higherfox,AnimalCrossing,1586324964.5
21,horaceinkling,phoenotopia,1601970315.4
22,illzanity,LSAT,1567573149.5
23,jsharce1,Mononucleosis,1574950976.0
24,juicyj9427,ukvisa,1595855600.8333333
25,kimmyp12,stimuluscheck,1603869570.9
26,puffysweater,hondafit,1535433894.75
27,rujz,atheism,1550225344.6
28,sammyjgee,AskNYC,1500321960.0
29,smez86,askportland,1559863632.5
30,sunflower828,longisland,1583622655.4444444
31,sunset_on_the_ocean,askaconservative,1604844407.0
